uuid,name,type,permalink,cb_url,rank,created_at,updated_at,short_description,started_on,ended_on,event_url,registration_url,venue_name,description,country_code,state_code,region,city,logo_url,event_roles
7ddd2300-37d0-64e9-8764-3560f8c42b45,Ladybosses: Women in Tech & Media,event,ladybosses-women-in-tech-media-2016420,https://www.crunchbase.com/event/ladybosses-women-in-tech-media-2016420,17295.0,2016-04-13 06:41:05,2018-02-13 01:14:25,Attendees will learn from entrepreneurs and high-level decision makers in the tech and media industries.,2016-04-20,2016-04-20,,https://www.eventbrite.com/e/ladybosses-women-in-tech-media-tickets-24466774782,Spotify Headquaters,"We’d like to invite you to the Ladies@ Spring Networking Event! Ladies@ is an organization dedicated to promoting positive growth for women in tech through frank dialogue, corporate partnerships, and mentorship opportunities.   The theme for this event is Ladybosses and what it means to be a power player in the start-up world.   Attendees will learn from entrepreneurs and high-level decision makers in the tech and media industries on how to grow and leverage a professional network.  To help you grow your network ASAP, we'll have a breakout session for audience members to connect with our Ladyboss speakers and with each other.",USA,NY,New York,New York,"https://crunchbase-production-res.cloudinary.com/image/upload/c_lpad,h_120,w_120,f_jpg/v1460580704/n7m6bbragzc0doiyednr.jpg","conference,meetup,other"
c5bb2e5d-3256-fa0e-ce6d-709f0e94a64e,Startup Weekend Warsaw FinTech,event,startup-weekend-warsaw-fintech-20141114-warsaw,https://www.crunchbase.com/event/startup-weekend-warsaw-fintech-20141114-warsaw,7606.0,2014-10-17 23:16:01,2018-02-13 01:14:28,Startup Weekends are 54-hour events designed to provide superior experiential education for technical and non-technical entrepreneurs.,2014-11-14,2014-11-16,,http://swwarsawfintech1114.eventbrite.com/?aff=ebapi,Dom Towarowy Bracia Jab?kowscy,"* What is it:   Exactly what it says on the tin! A 54-hour event for developers, designers and entrepreneurs to hack on your latest fintech idea. You will be able to present your own concept and form a team around it or join forces with someone else. Over the weekend, you will be putting the foundations of a business case, designing and building a product prototype, testing your assumptions with a potential customers, and, on Sunday night, pitch the results of your weekend's work to a panel of investors and industry titans from across banking, insurance and payments. What's more, over the weekend, you will have access to over ten industry experts and mentors to help you bring your ideas to life.   * Who is it for:  Anyone with a passion for fintech is welcome! If you've been toying with an idea, but need a final push to make it happen, if you are looking for ways for form a great team, or if you are simply excited to get involved with a fintech startup at its conceptualisation, this weekend is for you. ",POL,,Mazowieckie,Warsaw,"https://crunchbase-production-res.cloudinary.com/image/upload/c_lpad,h_120,w_120,f_jpg/v1407304682/g3q8sthovyaosxac25qp.png",conference
72934bb1-7b1b-4b1b-8606-45acf9ca1df9,Sandbox Illuminate - Idea to Execution,event,sandbox-illuminate-idea-to-execution,https://www.crunchbase.com/event/sandbox-illuminate-idea-to-execution,3714.0,2018-11-09 12:25:49,2018-11-09 12:25:49,A platform for Start-up Enthusiasts to nurture their ideas.,2018-05-10,2018-05-10,https://sandboxstartups.org/events,https://sandboxstartups.org/illuminate,,"Entrepreneurs across India are invited to come up with ideas, present their business plan, and win incubation support from Sandbox Startups.",,,,,"https://crunchbase-production-res.cloudinary.com/image/upload/c_lpad,h_120,w_120,f_jpg/clw5xolefa9fwn1zh5kh",competition
5b66efbf-4603-4616-bab7-2c821b40f365,Microsoft Ignite 2018,event,microsoft-ignite-2018,https://www.crunchbase.com/event/microsoft-ignite-2018,50.0,2017-12-22 05:34:54,2018-09-07 21:52:06,"Microsoft Ignite gives you five days of hands-on learning, industry insights, and direct access to product experts. ",2018-09-24,2018-09-28,https://www.microsoft.com/en-us/ignite,https://msignite.eventcore.com/auth/login,Orange County Convention Center,"Get the latest insights and skills from technology leaders and practitioners shaping the future of cloud, data, business intelligence, teamwork and productivity. Immerse yourself with the latest tools, tech, and experiences that matter, and hear the latest updates and ideas directly from the experts.",USA,FL,Florida,Orlando,"https://crunchbase-production-res.cloudinary.com/image/upload/c_lpad,h_120,w_120,f_jpg/kp0n6gkpykga0mrzqdod","conference,meetup,seminar"
aed72798-22e6-c242-c1dd-82077fdd1880,Empire Startups NY FinTech Conference,event,empire-startups-ny-fintech-conference-2016426,https://www.crunchbase.com/event/empire-startups-ny-fintech-conference-2016426,2943.0,2015-12-28 18:49:31,2018-02-13 01:14:19,This full-day conference showcases Silicon Alley FinTech at its best.,2016-04-26,2016-04-26,http://www.fintechstartupsconference.com/nyagenda,http://www.fintechstartupsconference.com/,Webster Hall,,USA,NY,New York,New York,"https://crunchbase-production-res.cloudinary.com/image/upload/c_lpad,h_120,w_120,f_jpg/v1451328480/scpdpcrha8atcrhg2a3d.png","conference,demo_day,meetup,networking"
ea4dc449-7f12-7750-a729-0f7ccbbb9d39,Call To Action Conference 2017,event,call-to-action-conference-2017-2017625,https://www.crunchbase.com/event/call-to-action-conference-2017-2017625,5223.0,2017-04-03 03:28:00,2018-02-13 01:14:21,"The CTAConf environment is about problem solving, knowledge sharing and improving your online marketing.",2017-06-25,2017-06-27,http://calltoactionconference.unbounce.com/,http://calltoactionconference.unbounce.com/register-now/,Queen Elizabeth Theatre,"Our hand-picked speaker lineup brings you the perfect mix of digital marketing topics in a streamlined, single-track event. You'll learn from the best marketing speakers from around the world, all in one place.   The CTAConf environment is about problem solving, knowledge sharing and improving your online marketing. Share ideas and build relationships with advanced marketers from around the world.  You’ll get much more than a conference ticket. All attendees are spoiled with breakfast, lunch, snacks, activities, afterparties, swag, conference notes and full access to the recordings of every session.",CAN,BC,British Columbia,Vancouver,"https://crunchbase-production-res.cloudinary.com/image/upload/c_lpad,h_120,w_120,f_jpg/v1497410964/ltvef5b9adzx1hp5aogt.png","conference,seminar"
5e6f64aa-6e51-abb2-fa3e-088a38995e93,Psychological Architectures of Digital Behavior Change 2015,event,psychological-architectures-of-digital-behavior-change-2015-20151118,https://www.crunchbase.com/event/psychological-architectures-of-digital-behavior-change-2015-20151118,5449.0,2015-08-17 05:41:28,2018-02-13 01:14:27,3rd day advanced workshop,2015-11-18,2015-11-18,http://www.eventbrite.com/e/psychology-for-digital-behavior-change-toronto-2-day-optional-3rd-day-registration-17825181598,http://www.eventbrite.com/e/psychology-for-digital-behavior-change-toronto-2-day-optional-3rd-day-registration-17825181598,University of Toronto,"Whereas our foundational workshop teaches you the core principles of digital behavior change, this workshop will teach you how to combine those principles into winning design patterns, called ‘psychological architectures’. By the end of the workshop, you will understand popular psychological architectures, such as gamification, landing pages, shaping/habit loops, feedback loops, stages of change, and many others.",CAN,ON,Ontario,Toronto,"https://crunchbase-production-res.cloudinary.com/image/upload/h_120,w_120,f_jpg/v1507847753/placeholder_zgpxrr.png",conference
87a17172-853f-8d15-e87b-33a2b67b2530,Techcrunch Meetup + Pitch-Off: Seoul 2015,event,techcrunch-meetup---pitch-off--seoul-2015-2015416,https://www.crunchbase.com/event/techcrunch-meetup---pitch-off--seoul-2015-2015416,12639.0,2015-04-07 06:28:30,2018-02-13 01:14:27,"Meetup + pitch-off event is coming to Seoul for good conversation, and a battle to the death to see which entrepreneurs can dazzle.",2015-04-16,2015-04-16,http://techcrunch.com/events/meetup-pitch-off-seoul-2015/event-home/,http://techcrunch.com/events/meetup-pitch-off-seoul-2015/pitch-off-application/,aA Design Museum,"TechCrunch’s legendary meetup + pitch-off event is coming to Seoul for beer, good conversation, and a battle to the death to see which entrepreneurs can dazzle and excite the judges in under sixty seconds.",KOR,,Seoul-t'ukpyolsi,Seoul,"https://crunchbase-production-res.cloudinary.com/image/upload/h_120,w_120,f_jpg/v1507847753/placeholder_zgpxrr.png","competition,meetup"
84b3f89d-41f0-bfa7-1db9-116045258c35,OSSCube Sponsors the Midmarket CIO Forum,event,osscube-sponsors-the-midmarket-cio-forum-20161023,https://www.crunchbase.com/event/osscube-sponsors-the-midmarket-cio-forum-20161023,14155.0,2016-10-10 11:35:32,2018-02-13 01:14:27,"OSSCube is sponsoring Midmarket CIO Forum in San Antonio, TX, where we will talk about newer technologies.",2016-10-23,2016-10-25,http://www.osscube.com/about/events/midmarket-cio-forum-2016,http://www.osscube.com/about/events/midmarket-cio-forum-2016,La Cantera Resort,"Peer networking. Market insight. Curated solutions. Midmarket CIO Forum is the engaging, informative, and social venue for IT executives and solution providers that covers it all. As the digital future unfolds, join a global community of your CIO peers and gain the insights you need to act, innovate, align your mission critical priorities and transform your business processes.   Some of the Key Highlights of Midmarket CIO Forum are:   * Detailed conference program covering a wide range of industry topics  * Provide a diverse and interactive learning experience with a mix of keynotes, panel discussions, case studies and roundtables   * One-on-one networking opportunities to help mitigate the challenges   * Learn about industry trends from analysts who specialize in the midmarket  * Peer networking and solution research environment, allowing IT executives to customize their appointment with leading solution providers   OSSCube is a sponsor of the summit this year. At the event, we will be showcasing cutting-edge solutions, frameworks, and success stories. We’re equally excited for some great discovery conversations to discuss how we can help your enterprise create a digital strategy and modernize your legacy system.  Meet the Solution Providers Specific to Your Needs:  The Midmarket CIO Forum will help you develop a ''short list'' of technology and service providers who can meet your unique needs. Should you be facing performance constraints with your legacy system or a security concern while migrating your data to the cloud?",USA,TX,Texas,San Antonio,"https://crunchbase-production-res.cloudinary.com/image/upload/c_lpad,h_120,w_120,f_jpg/v1476099186/yukuxxbjd8qmvo86deq5.png",conference
c83f47fe-3d03-44e5-9fee-ec9c3665f1f3,The Rise of Smart Hardware: From Idea to Exit (invite only with 2hr Open Bar),event,the-rise-of-smart-hardware-from-idea-to-exit-invite-only-with-2hr-open-bar,https://www.crunchbase.com/event/the-rise-of-smart-hardware-from-idea-to-exit-invite-only-with-2hr-open-bar,4575.0,2018-07-05 04:16:45,2018-10-26 18:56:24,Smart Hardware 101,2015-07-30,2015-07-30,https://www.eventbrite.hk/e/the-rise-of-smart-hardware-from-idea-to-exit-invite-only-with-2hr-open-bar-tickets-17843400090#,https://www.eventbrite.hk/e/the-rise-of-smart-hardware-from-idea-to-exit-invite-only-with-2hr-open-bar-tickets-17843400090#,,"The Rise of Smart Hardware: From Idea to Exit- A night with hardware founders, investors, Asia experts and key players (invite only with 2hr Open Bar)    Before the RISE conference kicks off,  we thought it would be fun to connect all the IoT teams over drinks. We’re buying so come and network with your fellow IoT colleagues and some key experts from Asia & HK who have deep rooted experience in doing business & manufacturing in Hong Kong and Mainland China. Come and enjoy a drink or two with us and hear from:",,,,,"https://crunchbase-production-res.cloudinary.com/image/upload/c_lpad,h_120,w_120,f_jpg/fb40zswqzr1q0llukhnf",meetup
d1b99b76-d6f6-4603-9afd-f9b26fbd0829,Quandl Data Conference 2019,event,quandl-data-conference,https://www.crunchbase.com/event/quandl-data-conference,187.0,2019-02-25 17:27:47,2019-02-26 10:06:16,Quandl Data Conference 2019,2019-02-28,2019-02-28,https://www.quandl.com/data-conference,https://www.quandl.com/data-conference/tickets,Convene,,USA,NY,New York,New York,"https://crunchbase-production-res.cloudinary.com/image/upload/c_lpad,h_120,w_120,f_jpg/xfcxdntv8lh8oc0nj193",conference
99bb9d6a-82a9-b548-d12a-de96b0e68e4c,Gartner Data & Analytics Summit Grapevine 2018,event,gartner-data-analytics-summit-grapevine-2018-201835,https://www.crunchbase.com/event/gartner-data-analytics-summit-grapevine-2018-201835,10161.0,2017-10-05 09:01:18,2018-02-13 00:06:28,Gartner Data & Analytics Summit Scale the Value of Data and Analytics Data and analytics are at the heart of the digital revolution.,2018-03-05,2018-03-08,http://www.gartner.com/events/na/data-analytics#,http://www.gartner.com/events/na/data-analytics#!registration,Gaylord Texan Hotel & Convention Center,"Gartner Data & Analytics Summit Grapevine 2018 Scale the Value of Data and Analytics Data and analytics are at the heart of the digital revolution.   To survive and thrive in the digital era, now is the time to drive data and analytics into the core of your business and scale outward to every employee, customer, supplier and partner. Scaling the value of data and analytics requires a culture of data enablement that extends throughout every facet of your organization. A culture where data and analytics inform and drive business objectives, operational efficiencies and innovation.  Join us onsite in March to secure your place at the forefront of digital business leadership",USA,TX,Texas,Grapevine,"https://crunchbase-production-res.cloudinary.com/image/upload/c_lpad,h_120,w_120,f_jpg/v1507194071/csozema35ixsj6kkm1pv.png","conference,seminar"
85c5966b-3abc-1384-a11b-390aced9967a,MoCo TechBreakfast,event,moco-techbreakfast-20151124,https://www.crunchbase.com/event/moco-techbreakfast-20151124,6038.0,2015-05-11 05:46:18,2018-02-13 01:14:21,"TechBreakfast is a fun, a monthly demo-style event where entrepreneurs and tech folks see showcases on cool new technology in a demo format.",2015-11-24,2015-11-24,,http://www.meetup.com/TechBreakfast/events/218600042/,JHU - Rockville,,USA,MD,Maryland,Rockville,"https://crunchbase-production-res.cloudinary.com/image/upload/c_lpad,h_120,w_120,f_jpg/v1431323039/vor0tufwc4ncwmbnlnrd.png",meetup
fdb553d9-fca5-4283-9b9d-5feec7a8ffd8,3rd annual Nuclear Industrial Control Cybersecurity Resilience conference,event,3rd-annual-nuclear-industrial-control-cybersecurity-resilience-conference,https://www.crunchbase.com/event/3rd-annual-nuclear-industrial-control-cybersecurity-resilience-conference,6979.0,2018-03-10 06:02:08,2018-03-10 06:02:08,"Now in its 3rd year, the Cyber Senate Nuclear Industrial Control Cyber Security and Resilience Conference will take place on May 22/23rd",2018-05-22,2018-05-23,,http://go.evvnt.com/207549-0?pid=5396,Park Royal,"Protecting essential services and control systems networks are imperative and in many cases neglected in relation to embedded systems in modern architecture. The proliferation and advancement of operational technologies and the Internet of Things, the convergence of IT and OT have enhanced operational efficiency but paradoxically has increased the attack surface exponentially across the critical national infrastructure. Now in its 3rd year, the Cyber Senate Nuclear Industrial Control Cyber Security and Resilience Conference will take place on May 22/23rd in Warrington United Kingdom. This two day executive forum will include presentations, roundtable working groups and panel sessions. Together we will address the escalating cyber risk and resilience challenges associated with the adoption and convergence of operational technologies in enterprise facing architecture. Practitioners will gain further insight into how to best respond to evolving cyber threats, the importance of effective risk management throughout the nuclear supply chain, innovations in detection and mitigation, configuration management and how can we incorporate resilience into critical control system components and business process. Time: 09:00 to 17:00 Price: Commercial Ticket: GBP 799, Asset Owners: GBP 499  Venue details: Park Royal, Stretton Road, Stretton, Cheshire, WA4 4NS, United Kingdom Speakers: Franky Thrasher ENGIE Laborelec Information Systems Security Officer and Senior Cybersecurity Expert, Ken Munro Pen Test Partners Founder and Partner, Robin Bloomfield Adelard Partner, Andrew Rogoyski CGI Vice President Cyber Security Services, Phil Litherland Context Information Security Principal Consultant Strategy and Advisory, Guido Gluschke Brandenburg University of Applied Sciences Co-Director Institute for Security and Safety (ISS), Cavus Batki EDF Nuclear New Build Design Authority cyber security specialist, John Dickinson Sellafield Ltd Cybersecurity Control Systems Manager Control Systems Group, Tom Parkhouse Office for Nuclear Regulation Head of Nuclear Cyber Security Regulation within the Civil Nuclear Security Division, Peter Fraser Hopewell ETC-Enrichment Technology Company ETC Head of Group Security, Will Ollerhead ETC-Enrichment Technology Company Group Information Security Manager, Chris Blask Unisys, ICS ISAC Director, Industrial Control Systems Security at Unisys, Chair US ICS ISAC, Mike St John Green Independent Information Security Expert Speaker, Dai Davis Percy Crow Davis and Co Technology Lawyer, Alfonso Martin iHacklabs Senior Manager Industrial Cybersecurity",GBR,,Warrington,Stretton,"https://crunchbase-production-res.cloudinary.com/image/upload/c_lpad,h_120,w_120,f_jpg/dlmgatymn6e9xpdaktb3",conference
1f6b4dd1-d5be-4fe4-84ad-1c3858904a52,SmartRecruiters Hiring Success,event,smartrecruiters-hiring-success,https://www.crunchbase.com/event/smartrecruiters-hiring-success,3063.0,2018-03-14 22:25:47,2018-03-14 22:25:47,Where the future of hiring happens.,2018-03-13,2018-03-14,,http://ta.smartrecruiters.com/hiring-success-18-speakers.html,Hyatt Regency,Where the future of recruiting happens,USA,CA,California,San Francisco,"https://crunchbase-production-res.cloudinary.com/image/upload/h_120,w_120,f_jpg/v1507847753/placeholder_zgpxrr.png",conference
c6f08429-366b-9515-4749-1b6db42b0e6b,Seattle Startup Week Keynote Rob Glaser Seattle Startup Week,event,seattle-startup-week-keynote-rob-glaser-seattle-startup-week-20141023-seattle,https://www.crunchbase.com/event/seattle-startup-week-keynote-rob-glaser-seattle-startup-week-20141023-seattle,14096.0,2014-10-17 23:14:00,2018-02-13 01:14:24,Join us for this very special Seattle Startup Week keynote!,2014-10-23,2014-10-23,,http://www.eventbrite.com/e/seattle-startup-week-keynote-rob-glaser-seattle-startup-week-tickets-13705089291?aff=ebapi,Kane Hall,Join us for this very special Seattle Startup Week keynote! Our guest for the evening is Rob Glaser.,USA,WA,Washington,Seattle,"https://crunchbase-production-res.cloudinary.com/image/upload/c_lpad,h_120,w_120,f_jpg/v1407304682/g3q8sthovyaosxac25qp.png",conference
3f24513e-9247-4312-80d2-40f512a33d14,The Year Ahead,event,the-year-ahead,https://www.crunchbase.com/event/the-year-ahead,2956.0,2019-03-24 20:40:08,2019-03-24 20:40:08,"The Year Ahead Summit, an invitation-only event creating a 360-degree view of the most urgent topics facing every executive.",2018-11-28,2018-11-28,https://www.bloomberglive.com/the-year-ahead/,https://www.bloomberglive.com/the-year-ahead/,,"Change is the one constant that unifies global CEOs — and the pace of change only seems to be quickening. Which is why Bloomberg convenes The Year Ahead Summit, an invitation-only event creating a 360-degree view of the most urgent topics facing every executive in the coming year.",,,,,"https://crunchbase-production-res.cloudinary.com/image/upload/c_lpad,h_120,w_120,f_jpg/igkrjohatpqn9d8durcb",conference
3935bf43-4e72-4c7f-b4fd-7034fe266a2a,Assure Hair,event,assure-hair,https://www.crunchbase.com/event/assure-hair,,2018-02-01 08:08:36,2018-02-13 00:23:39,Assure Hair - Hair Regrowth Treatment for Long & Shiny Hairs,2018-02-01,2018-06-04,http://www.healthychatboard.com/assure-hair/,http://www.healthychatboard.com/assure-hair/,,Assure Hair - Nothing more natural than good previous exercising! One of the many advantages of physical activity is enhancing blood flow throughout the body. Hair follicles benefit from better blood flow and will maintain and improve their health stimulating hair growth. Read More : http://www.healthychatboard.com/assure-hair/,,,,,"https://crunchbase-production-res.cloudinary.com/image/upload/c_lpad,h_120,w_120,f_jpg/cxyaanfbdheeitrclsog",conference
2098398b-baa8-435c-8264-e7b745adc645,HackerX - Cambridge (Full-Stack) Employer Ticket - 3/28,event,hackerx-cambridge-full-stack-employer-ticket-3-28,https://www.crunchbase.com/event/hackerx-cambridge-full-stack-employer-ticket-3-28,2911.0,2019-03-28 08:46:51,2019-03-28 08:46:51,"HackerX is an invite-only recruiting event for developers in 120+ cities globally and has a community of over 100,000+ members.",2019-03-28,2019-03-28,https://hackerx.org/employers/,https://www.eventbrite.com/e/hackerx-cambridge-full-stack-employer-ticket-328-tickets-55049407259,1 Station Square,"HackerX is an invite-only recruiting event for developers in 120+ cities globally and has a community of over 100,000+ members. We've hand picked and recruited some of the top developers in each city so you don't have to. Meet face-to-face with qualified and screened developers and make your next great hire. MEET 50+ TOP BACK-END DEVELOPERS Our events are organized in rapid speed-dating format (5 minutes each) to keep things engaging and fun. It ensures you can meet the most developers. WHY ATTEND? - Get in front of developers face-to-face and skip the back and forth emailing and phone tag. - Showcase your company's brand and technologies to let the developer community know you're hiring. - After the event, we'll also provide you a list of registrations (~90) so you can scout and reach out after the event. FAQ Q: What should I bring? A: We recommend bringing an iPad or laptop to show off your company. You're also welcome to bring banners, other visuals, and swag. Q: Can I bring multiple people? A: Absolutely, but you will need to buy an additional ticket for each person. We highly recommend having multiple people to be able to work the room. Q: How do you ensure quality? Q: To ensure quality, our events are invite-only for developers so almost everyone has a solid work history or background. Q: Do you collect a commission? A: No, we never take a fee outside of the ticket price. QUOTES ''HackerX is a great event that connects job seekers and employers seeking engineering talent. BitTorrent participated in 3 events and ended up hiring 3 engineers for key positions.'' FARID FADAIE, SENIOR DIRECTOR OF PRODUCT - BITTORRENT ''HackerX has been very beneficial for TrueCar as it gives us an opportunity to meet and talk with prospective candidates. The casual environment puts the candidate at ease so they can represent themselves to the fullest. We have successfully hired several candidates!'' CHRIS MARTIN, MANAGER OF TALENT ACQUISITION - TRUECAR",USA,MA,Massachusetts,Cambridge,"https://crunchbase-production-res.cloudinary.com/image/upload/c_lpad,h_120,w_120,f_jpg/rvzocemktzsjexp6smyw","meetup,networking,other"
3bb50d14-ca51-ce59-660b-80be7b66b8a9,"Digital HR. Unterstützer, Treiber oder Wegweiser: Welche Rolle spielt HR?",event,digital-hr-unterstutzer-treiber-oder-wegweiser-welche-rolle-spielt-hr-2017223,https://www.crunchbase.com/event/digital-hr-unterstutzer-treiber-oder-wegweiser-welche-rolle-spielt-hr-2017223,11028.0,2017-02-22 13:37:26,2018-02-13 01:14:28,DGFP //Kompetenzforum DGFP-Mitgliedsunternehmen mit Fokus aufDigitalisierung und Personalentwicklung trafen sich zum Erfahrungsaustausch.,2017-10-28,2017-10-29,https://www.coaching-cosmos.com/presse/artikel/news-digital-hr-untersttzer-treiber-oder-wegweiser-welche-rolle-spielt-hr/10/,https://www.coaching-cosmos.com/presse/artikel/news-digital-hr-untersttzer-treiber-oder-wegweiser-welche-rolle-spielt-hr/10/,Headquarters,,DEU,,Berlin,Berlin,"https://crunchbase-production-res.cloudinary.com/image/upload/c_lpad,h_120,w_120,f_jpg/v1487770421/v8glwypid6tjfg2vvbw1.png","conference,other"
c2338c9d-5808-740d-530f-3721dfba3f2c,Columbia TechBreakfast,event,columbia-techbreakfast-20151014,https://www.crunchbase.com/event/columbia-techbreakfast-20151014,14803.0,2015-05-10 11:16:23,2018-02-13 01:14:22,"TechBreakfast is a fun, a monthly demo-style event where entrepreneurs and tech folks see showcases on cool new technology in a demo format.",2015-10-14,2015-10-14,,http://www.meetup.com/TechBreakfast/events/216855352/,Loyola Columbia,,USA,MD,Maryland,Columbia,"https://crunchbase-production-res.cloudinary.com/image/upload/c_lpad,h_120,w_120,f_jpg/v1431256525/haiz8ulrtqjzvrd13bpx.png",meetup
f71f77a8-17fa-c726-7922-6a17d6b59697,36|86 Southeastern Entrepreneurship Conference,event,36-86-201568,https://www.crunchbase.com/event/36-86-201568,6409.0,2015-01-20 21:47:57,2018-02-13 01:14:19,"Bringing southern thinkers, founders and investors together by hosting an annual event in Nashville",2015-06-08,2015-06-10,http://thirtysixeightysix.com/,http://www.eventbrite.com/e/3686-tickets-14891168887,Marathon Music Works,"The mission of 36|86 is to bring southern thinkers, founders and investors together by hosting an annual event in Nashville and inviting a national audience to participate in the experience. This event gathers incredible startup businesses, proven business leaders and strategic investors for a celebration of entrepreneurship and southern culture. Ultimately, this event becomes a platform connecting the “doers,” the “makers,” and the “innovators” in the southeast, around the country, and across the globe.",USA,TN,Tennessee,Nashville,"https://crunchbase-production-res.cloudinary.com/image/upload/c_lpad,h_120,w_120,f_jpg/v1422164356/egyeejzs4havhorapie7.jpg","competition,conference,festival,meetup,networking"
cdd7dbec-96d8-2cda-6405-861788a39873,Tech Inclusion Conference 2017,event,tech-inclusion-conference-2017-20171017,https://www.crunchbase.com/event/tech-inclusion-conference-2017-20171017,14437.0,2017-09-27 04:21:22,2018-02-13 00:02:42,Tech Inclusion Conference 2017 at the most exciting multi-purpose event space in San Francisco.,2017-10-17,2017-10-19,https://sf17.techinclusion.co/home,https://sf17.techinclusion.co/home,The Armory,The Tech Inclusion Career Fair connects companies of all shapes and sizes to a more diverse talent pool. We invite you to join us and be recognized as a leader in the growing commitment to build inclusive and diverse teams. Companies looking to hire an inclusive workforce contact us to learn more how to participate in the career fair.,USA,CA,California,San Francisco,"https://crunchbase-production-res.cloudinary.com/image/upload/c_lpad,h_120,w_120,f_jpg/v1506485952/bwl1fgqkmcckznghkhng.png",other
ffe855e2-43a9-4944-803e-35cc5041789d,Data Storytelling in Excel: Soar out of the Debris,event,data-storytelling-in-excel-soar-out-of-the-debris,https://www.crunchbase.com/event/data-storytelling-in-excel-soar-out-of-the-debris,14617.0,2018-03-28 01:15:53,2018-03-28 01:31:32,In this workshop we will interpret data and summarise its meaning into...,2018-05-01,2018-05-01,,https://go.evvnt.com/213616-0?pid=5396,Novotel Manchester Centre Hotel,"<p>In this workshop we will interpret data and summarise its meaning into a format that we will each then transform into easy-to-read tables, graphs and infographs using Excel that can be taken home and used again and again.</p> <p>Benefits to your Organisation:<br />- Digest, consolidate, summarise and visualise data<br />- Create dashboard charts and tables using Excel tools<br />- Improve presentations with graphic design and layout<br />- Apply a narrative to infographs using best practises<br />- Consider when to use a chart, table or other graphic display<br />- Know how to use visual effects to improve their reports and presentations</p> <p>Takeaways:<br />1. Excel templates with sample charts, tables and infographics<br />2. During the course, participants will create their own visuals in Excel to take away with them for future reference<br />3. A USB with usable Excel templates of sample charts, tables and infographs</p> <p>Who you are:<br />You are likely to work in any industry where you think quantitative visualisation could help.</p> <p>Facilitator:<br />This workshop's facilitator is Danielle Stein Fairhurst, a passionate subject matter expert on financial modelling and analysis. Author of two books and founder of a training consultancy, she has appeared on Excel TV and several industry podcasts. She set up the Financial Modellers' Meetup group, which now has 5,000+ international members and a 40,000+ member LinkedIn forum.</p> <p>FAQs:<br />What are my transport/parking options for getting to and from the event?<br />30% discount to the price for Q Park Piazza just behind the hotel.</p> <p>What can I bring into the event?<br />Please bring a laptop with Microsoft Excel 2013 or higher (2016) installed and don't forget your charger. If you use a Mac, Mac users will be accommodated for.</p> <p>What's the cancellation...</p> <p><strong>Time:</strong> 8:30 am - 5:00 pm.</p> <p><strong>Category:</strong> Classes / Courses | Professional Training.</p> <p><strong>Artists / Speakers:</strong> Danielle Stein Fairhurst.</p> <p><strong>Prices:</strong><br />Early Bird Rate (before April 1st): GBP 595.00,<br />Standard Rate (after April 1st): GBP 795.00,<br />Corporate Rate: GBP 675.00,<br />Triple Bundle Rate (All 3 Manchester Workshops): GBP 1500.00.</p>",GBR,,Manchester,Manchester,"https://crunchbase-production-res.cloudinary.com/image/upload/c_lpad,h_120,w_120,f_jpg/mfwqgbf6kwhi07r6oatq",class
c4a2c39c-14c7-1838-a989-d7381244cd8e,Worlds Fair Nano,event,worlds-fair-nano-2017128,https://www.crunchbase.com/event/worlds-fair-nano-2017128,4371.0,2016-12-08 05:19:44,2018-02-13 01:14:19,"Worlds Fair Nano is a two-day festival filled with technology, futurist talks, art, music, food, and more.",2017-01-28,2017-01-29,http://worldsfairusa.com/nano/sf/,https://www.ticketfly.com/purchase/event/1385030?utm_medium=bks,Pier 70,"Worlds Fair Nano is a two-day festival filled with technology, futurist talks, art, music, food, and more.  The future of their world is being created every day, in offices, labs, garages, and classrooms. While some talking heads spread fear about what lies ahead, they’ve seen the future and can't wait for it to arrive. Join us for reveal new possibilities on the horizon.  Meet us in the Technology Playground, the closest thing to an adult playground this side of Burning Man, filled with interactive stations specifically designed to let you experience the future. Think virtual reality, drones, motorized skateboards, wearable tech, robotics, IoT, 3D printing, and more. They have over 50 companies coming.   They don't have a crystal ball, but they do have an all-start lineup and Founders and CEOs giving you the future of their country and their world. Titles include The Future of Democracy | The Future of VR v. AR | The Future of Artificial Intelligence | The Future of Art | The Future of Cannabis | The Future of Capitalism | The Future of Cities | The Future of Food | And More!  They’ve hand selected a few incredibly talented Bay Area artists to showcase their work. They’ve got multi-sensory interactive exhibits, live demonstrations and more. Immerse yourself in their world and rediscover your own.  Few areas of engineering are more controversial than food engineering, and for good reason. What they put into their bodies is one of the most intimate decisions they make. And yet, the more they learn about what their body needs, the more effectively they can produce foods that give us what they need to perform at their best.  At Worlds Fair Nano they’re bringing you some future foods that may just revolutionize the way they eat.",USA,CA,California,San Francisco,"https://crunchbase-production-res.cloudinary.com/image/upload/c_lpad,h_120,w_120,f_jpg/v1481174111/qvu6z0uns3il0ks2zqpp.png","conference,expo,festival,meetup,networking,other"
1dd922a7-975a-4956-970d-3c33f4860a5c,"Seed Forum Tallin, Spring 2018",event,seed-forum-tallin,https://www.crunchbase.com/event/seed-forum-tallin,9336.0,2018-04-24 14:46:18,2018-04-24 14:47:44,"Seed Forum is a global organisation with the mission to facilitate access to finance, accelerators to boost global innovation",2018-04-11,2018-04-12,https://www.seedforumtallinn.com/the-event,https://www.seedforumtallinn.com/register,Swedbank HQ,"We look forward to gathering some exciting companies in the heart of Tallinn. All companies have been through the Seed Forum process which guarantees exciting investor-ready company presentations by competent entrepreneurs. The Seed Forum investor matchmaking forums are an efficient half-day forum from morning until lunch, usually with around 6-10 born global company presentations. The companies will firstly present a 30 seconds power pitch followed by maximum 3 key-note speeches. Thereafter the companies will present their 6 or 7 minute investor pitch and their WOW-pitch followed by questions from the investors. In Spring 2018 we have confirmed 3 companies from Ukraine innovating e-commerce sector, 2 companies from Estonia from AI / Machine Learning and education sector and companies from Finland working in business automation.",EST,,Harjumaa,Tallinn,"https://crunchbase-production-res.cloudinary.com/image/upload/c_lpad,h_120,w_120,f_jpg/thofzoo5vzqr70yx6bbe",conference
0425938b-1eac-4f4c-590a-26c426978e56,Startup Weekend Hong Kong,event,startup-weekend-hong-kong-2016415,https://www.crunchbase.com/event/startup-weekend-hong-kong-2016415,3829.0,2016-03-08 06:13:49,2018-02-13 01:14:30,Startup Weekend Hong Kong,2016-04-15,2016-04-17,http://www.up.co/communities/china/hong-kong/startup-weekend/8759,http://www.up.co/communities/china/hong-kong/startup-weekend/8759,,,,,,,"https://crunchbase-production-res.cloudinary.com/image/upload/c_lpad,h_120,w_120,f_jpg/v1457417613/ywmtzhwfksyes0o37umy.png",other
e1b6397d-68f7-42fc-b39b-9263565dc605,Tumml Urban Accelerator Exhibition Day,event,tumml-urban-accelerator-exhibition-day-201456,https://www.crunchbase.com/event/tumml-urban-accelerator-exhibition-day-201456,17248.0,2014-11-11 02:44:43,2018-02-13 01:14:30,Tumml will host its Exhibition Day! There will be a fireside chat with Gavin Newsom and investor Jason Calacanis.,2014-05-06,2014-05-06,,http://www.eventbrite.com/e/the-future-of-urban-innovation-tickets-11028124417,Folsom Street Foundry,,USA,CA,California,San Francisco,"https://crunchbase-production-res.cloudinary.com/image/upload/h_120,w_120,f_jpg/v1507847753/placeholder_zgpxrr.png",conference
bd299615-716b-08b1-b4ce-67820ef591b2,Lift Prototyping Lab,event,lift-prototyping-lab-2016210,https://www.crunchbase.com/event/lift-prototyping-lab-2016210,10204.0,2015-12-26 06:32:37,2018-02-13 01:14:25,"Lift Prototyping Lab for worldwide innovators for 3 memorable days to build the future of your own products, services and business models.",2016-02-10,2016-02-12,http://liftconference.com/lift-prototyping-lab,http://liftconference.com/lift-prototyping-lab/resgistration,CICG - Centre International de Conférences Genève,"Every year, more than 1,000 hail from business, politics, culture and academia to enjoy talks, interactive workshops and special presentations. It’s all about better understanding where their world is going.  This year, they go one step further: they are inviting a select group of participants to take the ideas of Lift16 and build the future of their own products, services and business models. They call it the Lift Prototyping Lab. It’s a space and a program dedicated to make Lift work directly for you.  Running in parallel to the public program, teams of participants will work in company of Lift16 speakers and experts to go from problem to prototype in just three days.  To do that, they designed the format with the team behind the international bestsellers Business Model Generation and Value Proposition Design, and are bringing the latest prototyping tools and techniques inspired by the maker movement dear to all Lifters.  They gathered the best ingredients to help you invent the value of tomorrow.",CHE,,Geneve,Geneva,"https://crunchbase-production-res.cloudinary.com/image/upload/c_lpad,h_120,w_120,f_jpg/v1454329783/gl86r0dxexisnfob6ur6.png","class,hackathon,networking,other"
04defd58-c96d-4262-b3ad-b4f81dc75924,Silicon Valley Forum: Focus on Blockchain,event,silicon-valley-forum-focus-on-blockchain,https://www.crunchbase.com/event/silicon-valley-forum-focus-on-blockchain,3247.0,2018-08-11 19:43:44,2018-08-11 19:43:44,Popular ongoing series invites a handpicked group of six entrepreneurs to pitch their product in front of an audience & panel of judges.,2018-08-09,2018-08-09,https://siliconvalleyforum.com/event/startup-pitch-night-focus-on-blockchain/,https://www.eventbrite.com/e/sold-out-startup-pitch-night-focus-on-blockchain-tickets-46854743800,K&L Gates LLP,"This event is SOLD OUT! Walk-ins will only be permitted if space allows. Get linked up to great startups at our next Startup Pitch Night! Each installment of this popular ongoing series invites a handpicked group of seven entrepreneurs to pitch their product in front of an audience and panel of expert judges. We feature a different tech vertical every time–and this August, you’ll meet an amazing new group of startups who are making great strides in a fast-growing industry: blockchain technology.",USA,CA,California,San Francisco,"https://crunchbase-production-res.cloudinary.com/image/upload/c_lpad,h_120,w_120,f_jpg/jlvvasxovef0bvidfc5a",competition
9853de24-2d2a-6eba-d14b-299ede72983f,CoInvent SF Startup Happy Hour @ Press Club,event,coinvent-sf-startup-happy-hour-press-club-2015720,https://www.crunchbase.com/event/coinvent-sf-startup-happy-hour-press-club-2015720,13722.0,2015-06-26 16:03:40,2018-02-13 01:14:24,"This is a free event for founders, entrepreneurs, investors, and startup professionals - part of the startup networking series.",2015-07-20,2015-07-20,http://coinvent.co/events/pressclub,http://coinvent.co/events/pressclub,Press Club,"This is a free event for founders, entrepreneurs, investors, and startup professionals - part of the startup networking series. Private space. Cash bar. RSVPs required.   Press Club, a wine bar and lounge, offers California’s finest wines and beers in a sophisticated, social atmosphere. Press Club's menu of seasonal small plates and thoughtful pairings offers the ultimate wine experience in one of San Francisco's most notable destinations. Visitors can socialize, taste wine and share small plates in the luxurious wine tasting cellar at the foot of the Four Seasons Hotel.     Note: 1). To attend this event, you must be at least 21. Please show ID when entering the venue. 2). Subscribe to CoInvent’s weekly newsletter for all things startup-related @ www.getcoinvent.com 3). Opt in to get future event alerts in your local area @ www.coinventsf.com",USA,CA,California,San Francisco,"https://crunchbase-production-res.cloudinary.com/image/upload/c_lpad,h_120,w_120,f_jpg/v1435334554/qbrox0d03ffwbrd8fw5w.jpg","demo_day,networking"
c4be1217-e6cd-c397-5fe8-794b346c3f92,Mobile Growth Seattle Meetup @ Redfin,event,mobile-growth-seattle-meetup-redfin-2016630,https://www.crunchbase.com/event/mobile-growth-seattle-meetup-redfin-2016630,7793.0,2016-06-29 18:41:54,2018-02-13 01:14:30,"We're a group of mobile app developers (iOS and Android), mobile startups, and mobile marketers interested in growing our apps.",2016-06-30,2016-06-30,http://www.meetup.com/Mobile-Growth-Seattle/events/227996557/,http://www.meetup.com/Mobile-Growth-Seattle/events/227996557/,Redfin,"We're bringing together a great lineup of experts from Shyft and Staples for our meetup in Seattle. Come meet other likeminded devs and mobile marketers and mobile-first businesses, and hear some awesome strategies for growth on topics like user acquisition, retention, engagement, ASO/SEO, deep linking, converting users from mobile web to native app, and more.  The People Chris Pitchford - Director of Growth, Shyft Gwen Murray - Mobile Marketing Lead, Staples   The Plan 6.30pm Check-in & onsite registration 7.00pm Welcome & Intros 7.15pm Mobile Growth Panel Discussion 7.45pm Q&A from the audience 8.00pm Social hour",USA,WA,Washington,Seattle,"https://crunchbase-production-res.cloudinary.com/image/upload/h_120,w_120,f_jpg/v1507847753/placeholder_zgpxrr.png",meetup
5413dcc5-4884-fc0f-7800-beda5f2191ff,The Future of E-Commerce Delivery 2017,event,the-future-of-e-commerce-delivery-2017-2017104,https://www.crunchbase.com/event/the-future-of-e-commerce-delivery-2017-2017104,5576.0,2017-06-23 10:45:37,2018-02-13 01:14:26,Attend this future facing e-commerce conference to explore the most innovative approaches to customer experience and delivery operations.,2017-10-04,2017-10-04,https://go.evvnt.com/135608-1,https://go.evvnt.com/135608-0,Hilton Tower Bridge,"Against this backdrop, The Future of E-Commerce Delivery returns for a fifth time to explore how partnerships with logistics operators and greater collaboration across the value chain can help to safeguard success. Exploring diverse topics including customer expectations, operational efficiency, urban logistics, cross-border e-commerce, and innovation in both the last mile and fulfilment, the event is not to be missed. Plus, with over 170 senior executives from across the continent regularly attending, be sure to grasp this opportunity to gain knowledge and build relationships.  Engage with both retailers and logistics operators in a unique, collaborative setting. Discover how the industry is rapidly changing to meet the demands of the ‘anything, anytime, anywhere’ customer. Learn about innovative new approaches that decrease the risk of failed deliver from across Europe. Find out more about emerging trends in fulfilment, last mile delivery and cross-border e-commerce. Hear from game-changing start-ups that are attempting to reshape an already rapidly evolving sector.   ''A really meaningful event attended by Industry heavy hitters. It was an intensely valuable experience covering topics that are vitally important in today's and tomorrow's markets.'' - General Manager, Central Planning, Operations, John Lewis Partnership  ''It was a very insightful conference helping us to rethink our positioning and designing of delivery solutions for the e-commerce market needs.” - Director of E-Commerce, CTT Portugal Post  Please visit the website for more information on the programme and speakers. For any queries call +44 (0)207 760 8699 or send an email at conferences@marketforce.eu.com.  Speakers: Navabi, EMEA, Shop Direct, eBay, PostNord, Norway Post, John Lewis Partnership, Clipper Logistics, OVS & Upim, Yodel, Jersey Post Global",GBR,,England,London,"https://crunchbase-production-res.cloudinary.com/image/upload/c_lpad,h_120,w_120,f_jpg/v1498214688/owxisvxmkhopokj8g1g0.jpg",conference
d7ecff71-7a4e-cd96-e84a-af296a23c8a3,Automobile Barcelona Connected Hub,event,automobile-barcelona-connected-hub-2017511,https://www.crunchbase.com/event/automobile-barcelona-connected-hub-2017511,10544.0,2017-05-28 11:50:13,2018-02-13 01:14:25,The European platform for the Connected Automobile Industry.,2017-05-11,2017-05-12,http://www.automobilebarcelona.com/en/event-overview,http://www.automobilebarcelona.com/en/event-overview,Fira Barcelona,The European platform for the Connected Automobile Industry Technological innovations and connectivity are key factors for the present and the future of the automobile industry. The aim of Connected Hub is to gather and to become the meeting point for the key players around the Connected Car.,ESP,,Catalonia,Barcelona,"https://crunchbase-production-res.cloudinary.com/image/upload/c_lpad,h_120,w_120,f_jpg/v1495972049/ol8yz9w97cjqdbjul90h.png","demo_day,expo"
01608843-4aef-9885-9f29-b3400ec80aee,Capital On Stage,event,capital-on-stage-20141030,https://www.crunchbase.com/event/capital-on-stage-20141030,11884.0,2014-11-11 02:47:48,2018-02-13 01:14:28,Up to 200 venture capitalists and selected tech startup founders will be invited to our third annual conference.,2014-10-30,2014-10-30,,http://bit.ly/COSNY14EV,Microsoft Technology Center,,USA,NY,New York,New York,"https://crunchbase-production-res.cloudinary.com/image/upload/h_120,w_120,f_jpg/v1507847753/placeholder_zgpxrr.png",conference
32efa3a5-240a-79fa-532c-c4eeefd972a3,Python for Data Analysis - 2 Week Workshop,event,python-for-data-analysis---2-week-workshop-2015324,https://www.crunchbase.com/event/python-for-data-analysis---2-week-workshop-2015324,15184.0,2015-03-10 18:16:53,2018-02-13 01:14:28,"Python is the most versatile programming language for coding with data, and the one with the fastest-growing user base among Data Scientists",2015-03-24,2015-04-07,,https://www.eventbrite.com/e/python-for-data-analysis-tickets-15203596366,Galvanize SF,,USA,CA,California,San Francisco,"https://crunchbase-production-res.cloudinary.com/image/upload/c_lpad,h_120,w_120,f_jpg/v1426011342/ka5pm2eanyijum5ecu8a.png",other
47d863b8-5088-40f6-b10f-c205b3852d82,HackerX-Irvine/Orange County (Full-Stack) Employer Ticket - 3/28,event,hackerx-irvine-orange-county-full-stack-employer-ticket-3-28,https://www.crunchbase.com/event/hackerx-irvine-orange-county-full-stack-employer-ticket-3-28,2912.0,2019-03-28 09:09:34,2019-03-28 09:09:34,"HackerX is an invite-only recruiting event for developers in 120+ cities globally and has a community of over 100,000+ members.",2019-03-28,2019-03-28,https://hackerx.org/employers/,https://www.eventbrite.com/e/hackerx-irvineorange-county-full-stack-employer-ticket-328-tickets-53993136926,Zillow,"HackerX is an invite-only recruiting event for developers in 120+ cities globally and has a community of over 100,000+ members. We've hand picked and recruited some of the top developers in each city so you don't have to. Meet face-to-face with qualified and screened developers and make your next great hire. MEET 50+ TOP BACK-END DEVELOPERS Our events are organized in rapid speed-dating format (5 minutes each) to keep things engaging and fun. It ensures you can meet the most developers. WHY ATTEND? - Get in front of developers face-to-face and skip the back and forth emailing and phone tag. - Showcase your company's brand and technologies to let the developer community know you're hiring. - After the event, we'll also provide you a list of registrations (~90) so you can scout and reach out after the event. FAQ Q: What should I bring? A: We recommend bringing an iPad or laptop to show off your company. You're also welcome to bring banners, other visuals, and swag. Q: Can I bring multiple people? A: Absolutely, but you will need to buy an additional ticket for each person. We highly recommend having multiple people to be able to work the room. Q: How do you ensure quality? Q: To ensure quality, our events are invite-only for developers so almost everyone has a solid work history or background. Q: Do you collect a commission? A: No, we never take a fee outside of the ticket price. QUOTES ''HackerX is a great event that connects job seekers and employers seeking engineering talent. BitTorrent participated in 3 events and ended up hiring 3 engineers for key positions.'' FARID FADAIE, SENIOR DIRECTOR OF PRODUCT - BITTORRENT ''HackerX has been very beneficial for TrueCar as it gives us an opportunity to meet and talk with prospective candidates. The casual environment puts the candidate at ease so they can represent themselves to the fullest. We have successfully hired several candidates!'' CHRIS MARTIN, MANAGER OF TALENT ACQUISITION - TRUECAR",USA,CA,California,Irvine,"https://crunchbase-production-res.cloudinary.com/image/upload/c_lpad,h_120,w_120,f_jpg/yix2op1ij98djxg4snwj","meetup,networking,other"
4cd16824-dbd8-b150-bbdd-91ee3c255501,BioProcess International West 2017,event,bioprocess-international-west-2017-2017227,https://www.crunchbase.com/event/bioprocess-international-west-2017-2017227,16143.0,2017-02-23 05:09:37,2018-02-13 01:14:18,The BPI West 2017 agenda format is designed to break down silos across multiple departments that work in the same stage of development.,2017-02-27,2017-03-02,https://lifesciences.knect365.com/bpi-west/,https://lifesciences.knect365.com/bpi-west/purchase/select-package,Hilton San Francisco Union Square,"The BPI West 2017 agenda format is designed to break down silos across multiple departments that work in the same stage of development. With four concurrent tracks focused on early stage process development through commercial manufacturing, attendees can collectively share challenges and discuss the solutions needed to improve the speed, cost and quality of biologics development.",USA,CA,California,San Francisco,"https://crunchbase-production-res.cloudinary.com/image/upload/c_lpad,h_120,w_120,f_jpg/v1487826390/whnwjcuxlwsnbmqripyw.png",conference
753378f1-79db-44ff-ad49-57f8f6ce0051,European Collaboration Summit 2018,event,european-collaboration-summit-2018,https://www.crunchbase.com/event/european-collaboration-summit-2018,4587.0,2018-07-05 21:05:31,2018-07-05 21:05:31,European Collaboration Summit 2018 Mainz,2018-05-28,2018-05-31,,https://www.collabsummit.eu/,,,,,,,"https://crunchbase-production-res.cloudinary.com/image/upload/c_lpad,h_120,w_120,f_jpg/zoie34rttmviyc0qpnvy",conference
ac9cfd24-3d51-37fb-5269-ef3c22ce526f,Varnish Summit Amsterdam,event,varnish-summit-amsterdam-2015115,https://www.crunchbase.com/event/varnish-summit-amsterdam-2015115,11989.0,2015-08-18 01:09:44,2018-02-13 01:14:22,"Join us in scaling the heights, explore all things Varnish and learn what makes some of the world's most influential websites fly.",2015-11-05,2015-11-05,https://www.eventbrite.com/e/varnish-summit-amsterdam-tickets-17307971609?err=29,https://www.eventbrite.com/register?orderid=449161719795&client_token=dd3bc704ffff441485111ca9a03b85eb&eid=17307971609,Heineken Experience,"Join us in scaling the heights, explore all things Varnish and learn what makes some of the world's most influential websites fly. Varnish Software Summits will deliver: - Varnish Cache 4.1 workshop - Workshops for new Varnish users and highly technical classes for advanced users - Special guest speakers - Technical presentations from Varnish core developers - Networking opportunities.",NLD,,Noord-Holland,Amsterdam,"https://crunchbase-production-res.cloudinary.com/image/upload/c_lpad,h_120,w_120,f_jpg/v1439868731/kx9jixtzgick6wwliqgo.png",conference
213e7cc7-3ef1-4378-8525-86fc9e4a3582,AI Fintech Forum,event,ai-fintech-forum,https://www.crunchbase.com/event/ai-fintech-forum,4326.0,2018-08-06 19:09:55,2018-08-06 19:09:55,EMERGING TECH IMPACT ON GLOBAL FINANCE,2018-07-21,2018-07-21,http://www.aiff.world/,http://www.aiff.world/register,,,,,,,"https://crunchbase-production-res.cloudinary.com/image/upload/h_120,w_120,f_jpg/v1507847753/placeholder_zgpxrr.png",conference
3e35e8ac-853d-b036-7563-068103aefe6b,Autodesk University Germany 2016,event,autodesk-university-germany-2016-20161012,https://www.crunchbase.com/event/autodesk-university-germany-2016-20161012,12269.0,2016-06-02 06:07:03,2018-02-13 01:14:26,The premier AU event for Autodesk software users,2016-10-12,2016-10-13,,https://rayseven.com/r7/runtime/autodesk/au2015/registration.retrospection.php,darmstadtium,,DEU,,Hessen,Darmstadt,"https://crunchbase-production-res.cloudinary.com/image/upload/c_lpad,h_120,w_120,f_jpg/v1464847600/yxiinsma2vfvoha2lhj4.png",conference
d745d2cc-87a4-4593-8f3b-d6811c4bfca4,Real Estate Wealth Expo Featuring Tony Robbins and Daymond John - Austin 2018,event,real-estate-wealth-expo-featuring-tony-robbins-and-daymond-john-austin-2018,https://www.crunchbase.com/event/real-estate-wealth-expo-featuring-tony-robbins-and-daymond-john-austin-2018,2918.0,2018-04-13 12:03:08,2018-04-23 18:50:14,"Real Estate Wealth Expo with Tony Robbins, Shark Tank's Daymond John, and 9 Self-Made Millionaires Teach You How To Make Money!",2018-06-09,2018-06-09,https://www.eventbrite.com/e/real-estate-wealth-expo-featuring-tony-robbins-daymond-john-tickets-44713987741?aff=Crunchbase,http://go.evvnt.com/216363-0?pid=5396,Austin Convention Center,"AUSTIN'S LARGEST REAL ESTATE WEALTH EXPO. Who you'll see: 3-hour training with Tony Robbins, Shark Tank's Daymond John, Flip or Flop's Christina El Moussa, Love It or List It's Todd Talbot, Texas Flip & Move's Catrina Kidd, Flipping Austin's Shay Millheiser and more than 20+ classes on real estate, entrepreneurship, marketing and sales. LEARN HOW TO MAKE MONEY IN REAL ESTATE If you're even slightly interested in Real Estate, don't miss this event! This exciting Expo will show you 100's of WAYS TO MAKE MONEY FAST. Learn How To: - Flip properties; strategies to increase your income - Close your first deal in 30 days working part-time. For beginner and experienced investors - Develop your millionaire mindset - Buy and sell tax liens and income producing properties - Build a thriving Internet business - Find a small business you can operate from home for under $3500 dollars - Start selling on e-commerce with products you never even own - And Much MORE! Who should attend: Investors, entrepreneurs, small business owners, realtors, 2nd income earners, anyone starting or growing a business, homeowners, mompreneurs, sales people, mortgage brokers, real estate brokers and contractors. You'll be given all the tools, systems & funding to make money in Real Estate in the Austin area. BONUS #1 Three Hour Peak Performance Training with success coach Tony Robbins. Tony will teach you how to change your attitude immediately! BONUS #2 Find or bring your great deals to the DEAL CAFÉ. Many of these deals are not published anywhere else & are only for insiders attending the Expo. BONUS #3 Largest Speed Networking Event in the world. Get introduced to Partners, Friends, or People with cash to lend, or even investors looking to invest in your idea. ''Amazing, Fun, Get Lots of New Business!'' BONUS #4 Experience an entrepreneur training with Shark Tank's Daymond John. WIN Cash Prizes! For sponsorship/exhibition opportunities please get in touch at sponsorships@realestatewealthexpo.com Prices: 2 VIP Tickets: USD 99.00 VIP Seating: USD 69.00 Silver Seating: USD 49.00 Speakers: Tony Robbins, Shark Tank Daymond John , Flip or Flop Christina El Moussa , Love It Or List It Too Todd Talbot, Flipping Austin Shay Millheiser, Texas Flip and Move Catrina Kidd Time: 8:00 am to 6:45 pm",USA,TX,Texas,Austin,"https://crunchbase-production-res.cloudinary.com/image/upload/c_lpad,h_120,w_120,f_jpg/ocbxyidjiynyvz892se3","conference,expo,networking,seminar"
7c79a4d8-b263-4eab-8bb7-914c0e67637a,GoTech 2018 - Finalist,event,gotech-2018,https://www.crunchbase.com/event/gotech-2018,2429.0,2018-04-05 04:56:43,2019-01-12 11:08:51,GoTech 2018 is a meeting point for technology companies.,2018-11-22,2018-11-22,http://www.gotech.vc/en/,http://www.gotech.vc/en/,Phystechpark,GoTech 2018 is a meeting point for technology companies.,RUS,,Moscow City,Moscow,"https://crunchbase-production-res.cloudinary.com/image/upload/c_lpad,h_120,w_120,f_jpg/ggia7dbb9gdlub9xexjl",conference
7fbbd34f-3064-476c-98a8-f0fed0d4714a,SeedCon - Chicago Booth's Entrepreneurship & Venture Capital Conference,event,seedcon-chicago-booth-s-entrepreneurship-venture-capital-conference,https://www.crunchbase.com/event/seedcon-chicago-booth-s-entrepreneurship-venture-capital-conference,16571.0,2017-10-16 15:26:31,2018-02-13 00:07:40,A conference designed to bring together successful entrepreneurs and seasoned venture capitalists to share ideas and advice.,2017-10-20,2017-10-20,https://polsky.uchicago.edu/programs-events/seedcon/,https://polsky.uchicago.edu/programs-events/seedcon/register/,Venue SIX10,"Cohosted by the Entrepreneurship & Venture Capital (EVC) student group at Chicago Booth and the Polsky Center, SeedCon is a conference designed to bring together successful entrepreneurs and seasoned venture capitalists to share ideas and advice, foster creativity, and ignite the entrepreneurial spirit within. We have an impressive group of speakers lined up from across the country (including Bruce Cleveland - Founding Partner of Wildcat Venture Partners, Arsen Avakian - Founder & CEO of Argo Tea, David Lee – CFO & COO of Impossible Foods, and Stuart Peterson and Jeff Sheedy - ARTIS Ventures).",USA,IL,Illinois,Chicago,"https://crunchbase-production-res.cloudinary.com/image/upload/c_lpad,h_120,w_120,f_jpg/g2r3x6b8ow3c7uipite2",conference
0ba7cdd6-5c6c-c729-abcd-f4cf8c3fb6d8,Old School StartUp Rock Climbing,event,blue-apron-founders-host-rock-climbing-startup-stories-2016525,https://www.crunchbase.com/event/blue-apron-founders-host-rock-climbing-startup-stories-2016525,5221.0,2016-05-04 02:33:53,2018-02-13 01:14:25,Old School Startup Climbing,2016-05-25,2016-05-25,http://startupclimbing.eventbrite.com/?aff=crunchbase,http://startupclimbing.eventbrite.com/?aff=crunchbase,Brooklyn Boulders Queensbridge,"This isn't your average networking event. You climb, you fall, and you share beers with New York's most notorious startups.   We're also giving away some awesome climbing swag and startup climbing t-shirts.  Join us on May 25th at 7:00pm and let us know how the SC community can help you when you're there.",USA,NY,New York,Queens,"https://crunchbase-production-res.cloudinary.com/image/upload/c_lpad,h_120,w_120,f_jpg/v1462329119/qeisqqvbpmvtbt9li5i9.jpg",networking
f5d460a4-d60e-459e-8cbe-cbd5485f7077,Newark Venture Partners Fall 2017 Demo Day,event,newark-venture-partners-fall-2017-demo-day,https://www.crunchbase.com/event/newark-venture-partners-fall-2017-demo-day,12520.0,2018-01-08 16:16:45,2018-02-12 23:35:47,NVP Labs Fall 2017 Accelerator class. ,2018-01-17,2018-01-17,https://blog.newarkventurepartners.com/introducing-nvp-labs-fall-2017-accelerator-class-66ed9f042704,https://www.eventbrite.com/e/newark-venture-partners-demo-day-tickets-34147387756?mc_cid=8ad0d83e89&mc_eid=d736c5830d,Prudential Center,"It has been a busy (and exciting) couple of months here in Newark, and we are very pleased to announce the launch of our NVP Labs fall 2017 Accelerator class. One year and three classes later, we are as laser focused as ever on attracting leading entrepreneurs to Newark to build distinctive businesses that will propel the city’s technology ecosystem. The nine companies selected represent 1% of applications, and cover sectors ranging from waste management to healthcare; and geographies ranging from New York City to Tel Aviv. We had an overwhelming number of high quality applicants, and would like to thank everyone who took the time to apply, or to introduce a talented founder to our program.",USA,NJ,New Jersey,Newark,"https://crunchbase-production-res.cloudinary.com/image/upload/c_lpad,h_120,w_120,f_jpg/qkql62cjqfcev4we6ouv",demo_day
990115a9-0639-354e-7c7a-ef60ae282788,RailsConf 2015,event,railsconf-2015-2015421,https://www.crunchbase.com/event/railsconf-2015-2015421,13274.0,2015-01-27 16:34:01,2018-02-13 01:14:22,"RailsConf is the largest official gathering of the year, attended by top Rails talent, companies & project representatives from all over.",2015-04-21,2015-04-23,http://railsconf.com/,http://railsconf.com/registration,Atlanta Convention Center at AmericasMart,"It’s the largest official gathering of the year, attended by top Rails talent, companies and project representatives from all over the world. RailsConf is the place for product launches, project announcements and good old-fashioned networking: whether you’re looking to recruit, to promote your product or just to soak in the content, you need to be at RailsConf 2015.",USA,GA,Georgia,Atlanta,"https://crunchbase-production-res.cloudinary.com/image/upload/c_lpad,h_120,w_120,f_jpg/v1422376314/ei7wj1ofldllwvyg5htb.jpg",other
b9a1b379-0be7-9d8b-4f0a-a17fdc2b9f0c,EBW2020 Global Summit,event,ebw2020-global-summit-20151111,https://www.crunchbase.com/event/ebw2020-global-summit-20151111,16448.0,2015-06-12 17:58:59,2018-02-13 01:14:30,"Bringing together the most extraordinary global innovators, executives, leaders, and media to solve issues facing women and girls worldwide.",2015-11-11,2015-11-13,http://ebw2020.com/ebw-global-summit/,http://ebw2020.com/pricing/,Headquarters,,USA,TX,Texas,Austin,"https://crunchbase-production-res.cloudinary.com/image/upload/c_lpad,h_120,w_120,f_jpg/v1434131936/yvolbpumabthwyvoqgeu.png",conference
a0bda325-a88c-449d-b9d1-71ecb4929712,Mayo Clinic Opioid Conference 2018,event,mayo-clinic-opioid-conference-2018,https://www.crunchbase.com/event/mayo-clinic-opioid-conference-2018,6778.0,2018-04-13 06:05:22,2018-04-14 08:28:27,Mayo Clinic Opioid Conference 2018 aims to highlight the shift in guidelines and public concern regarding the use of opioids,2018-10-25,2018-10-26,http://go.evvnt.com/219268-0?pid=5396,http://go.evvnt.com/219268-2?pid=5396,The American Club,"The Mayo Clinic Opioid Conference: Evidence, Clinical Considerations and Best Practice 2018 aims to highlight the shift in guidelines and public concern regarding the use of opioids in medical practice and provides the most up-to-date information regarding the appropriate indication for opioids in clinical practice. Topics cover the basics of opioids, evidence-based guidelines for opioids, medication monitoring, tapering and legal considerations. In addition, the course covers a broad range of issues, including opioid addiction and difficult patient conversations and guidelines to standardize the practice of opioid prescribing. Medical providers including nurses, nurse practitioners, physician assistants, physicians, addiction experts, pharmacists and others may benefit from this multidisciplinary review and update of opioid management. This course includes lectures by experts in the field of pain medicine and opioid management and question-and-answer sessions. URL: Inquiries: https://go.evvnt.com/219268-3?pid=5396 Prices: Physician and Scientist: USD 575.0 Resident, Fellow, NP, PA, Nurse, Allied Health, Retiree: USD 500.0 Time: 12:00 pm to 5:30 pm",USA,WI,Wisconsin,Kohler,"https://crunchbase-production-res.cloudinary.com/image/upload/c_lpad,h_120,w_120,f_jpg/v8hlagvnrqqcq4vm5yk7",conference
